{
  "parent": "minecraft:block/outer_stairs_north_bottom",
  "textures": {
    "bottom": "minecraft:block/blackstone_top",
    "slab_vertical": "minecraft:block/blackstone_slab_side_vertical",
    "slab": "minecraft:block/blackstone_slab_side",
    "quarter_top_left": "minecraft:block/blackstone_quarter_top_left",
    "quarter_top_right": "minecraft:block/blackstone_quarter_top_right",
    "quarter_bottom_left": "minecraft:block/blackstone_quarter_bottom_left",
    "quarter_bottom_right": "minecraft:block/blackstone_quarter_bottom_right",
    "tri_top": "minecraft:block/blackstone_tri_top",
    "tri_bottom": "minecraft:block/blackstone_tri_bottom",
    "def_block": "minecraft:block/blackstone",
    "slab_vertical_east": "minecraft:block/blackstone_slab_side_vertical",
    "slab_east": "minecraft:block/blackstone_slab_side",
    "quarter_top_left_east": "minecraft:block/blackstone_quarter_top_left",
    "quarter_top_right_east": "minecraft:block/blackstone_quarter_top_right",
    "quarter_bottom_left_east": "minecraft:block/blackstone_quarter_bottom_left",
    "quarter_bottom_right_east": "minecraft:block/blackstone_quarter_bottom_right",
    "tri_top_east": "minecraft:block/blackstone_tri_top",
    "tri_bottom_east": "minecraft:block/blackstone_tri_bottom",
    "def_block_east": "minecraft:block/blackstone",
    "slab_vertical_west": "minecraft:block/blackstone_slab_side_vertical",
    "slab_west": "minecraft:block/blackstone_slab_side",
    "quarter_top_left_west": "minecraft:block/blackstone_quarter_top_left",
    "quarter_top_right_west": "minecraft:block/blackstone_quarter_top_right",
    "quarter_bottom_left_west": "minecraft:block/blackstone_quarter_bottom_left",
    "quarter_bottom_right_west": "minecraft:block/blackstone_quarter_bottom_right",
    "tri_top_west": "minecraft:block/blackstone_tri_top",
    "tri_bottom_west": "minecraft:block/blackstone_tri_bottom",
    "def_block_west": "minecraft:block/blackstone",
    "slab_vertical_north": "minecraft:block/blackstone_slab_side_vertical",
    "slab_north": "minecraft:block/blackstone_slab_side",
    "quarter_top_left_north": "minecraft:block/blackstone_quarter_top_left",
    "quarter_top_right_north": "minecraft:block/blackstone_quarter_top_right",
    "quarter_bottom_left_north": "minecraft:block/blackstone_quarter_bottom_left",
    "quarter_bottom_right_north": "minecraft:block/blackstone_quarter_bottom_right",
    "tri_top_north": "minecraft:block/blackstone_tri_top",
    "tri_bottom_north": "minecraft:block/blackstone_tri_bottom",
    "def_block_north": "minecraft:block/blackstone",
    "slab_vertical_south": "minecraft:block/blackstone_slab_side_vertical",
    "slab_south": "minecraft:block/blackstone_slab_side",
    "quarter_top_left_south": "minecraft:block/blackstone_quarter_top_left",
    "quarter_top_right_south": "minecraft:block/blackstone_quarter_top_right",
    "quarter_bottom_left_south": "minecraft:block/blackstone_quarter_bottom_left",
    "quarter_bottom_right_south": "minecraft:block/blackstone_quarter_bottom_right",
    "tri_top_south": "minecraft:block/blackstone_tri_top",
    "tri_bottom_south": "minecraft:block/blackstone_tri_bottom",
    "def_block_south": "minecraft:block/blackstone",
    "slab_vertical_top": "minecraft:block/blackstone_slab_top_vertical",
    "slab_top": "minecraft:block/blackstone_slab_top",
    "quarter_top_left_top": "minecraft:block/blackstone_quarter_top_left_top",
    "quarter_top_right_top": "minecraft:block/blackstone_quarter_top_right_top",
    "quarter_bottom_left_top": "minecraft:block/blackstone_quarter_bottom_left_top",
    "quarter_bottom_right_top": "minecraft:block/blackstone_quarter_bottom_right_top",
    "tri_top_top": "minecraft:block/blackstone_tri_top",
    "tri_bottom_top": "minecraft:block/blackstone_tri_bottom",
    "def_block_top": "minecraft:block/blackstone_top"
  }
}